Workbook

Sheet Ringkasan Eksekutif
A1: REKAPITULASI REKENING KORAN BANK MANDIRI
A2: No. Rekening: 1140016063946 | Pemilik: PT HIJAU SEJAHTERA BERSAMA | Periode: Januari - Juli 2026 | Mata Uang: IDR
A4: TOTAL TRANSAKSI | C4: TOTAL UANG MASUK (KREDIT) | E4: TOTAL UANG KELUAR (DEBET) | G4: NET CASH FLOW (SURPLUS)
A5: 214 | C5: 1.8510919e+10 | E5: 1.7535711e+10 | G5: =C5-E5 -> 9.7520832e+08
A7: 1. RINGKASAN ARUS KAS BULANAN (JANUARI - JULI 2026)
A8: Periode Bulan | B8: Total Masuk / Kredit (Rp) | C8: Total Keluar / Debet (Rp) | D8: Net Cash Flow (Rp) | E8: Jumlah Transaksi | F8: Rata-Rata Transaksi
A9: Januari 2026 | B9: =SUMIFS('Detail Transaksi'!I:I, 'Detail Transaksi'!B:B, "2026-01") -> 1.1768462e+09 | C9: =SUMIFS('Detail Transaksi'!H:H, 'Detail Transaksi'!B:B, "2026-01") -> 1.1762845e+09 | D9: =B9-C9 -> 561640.73 | E9: =COUNTIFS('Detail Transaksi'!B:B, "2026-01") -> 24 | F9: =(B9+C9)/E9 -> 98047113
A10: Februari 2026 | B10: =SUMIFS('Detail Transaksi'!I:I, 'Detail Transaksi'!B:B, "2026-02") -> 1.1382007e+08 | C10: =SUMIFS('Detail Transaksi'!H:H, 'Detail Transaksi'!B:B, "2026-02") -> 1.1099641e+08 | D10: =B10-C10 -> 2823656.2 | E10: =COUNTIFS('Detail Transaksi'!B:B, "2026-02") -> 15 | F10: =(B10+C10)/E10 -> 14987766
A11: Maret 2026 | B11: =SUMIFS('Detail Transaksi'!I:I, 'Detail Transaksi'!B:B, "2026-03") -> 2.0950734e+09 | C11: =SUMIFS('Detail Transaksi'!H:H, 'Detail Transaksi'!B:B, "2026-03") -> 2.0502136e+09 | D11: =B11-C11 -> 44859792 | E11: =COUNTIFS('Detail Transaksi'!B:B, "2026-03") -> 38 | F11: =(B11+C11)/E11 -> 1.090865e+08
A12: April 2026 | B12: =SUMIFS('Detail Transaksi'!I:I, 'Detail Transaksi'!B:B, "2026-04") -> 3.2904074e+09 | C12: =SUMIFS('Detail Transaksi'!H:H, 'Detail Transaksi'!B:B, "2026-04") -> 3.3312034e+09 | D12: =B12-C12 -> -40795995 | E12: =COUNTIFS('Detail Transaksi'!B:B, "2026-04") -> 38 | F12: =(B12+C12)/E12 -> 1.7425291e+08
A13: Mei 2026 | B13: =SUMIFS('Detail Transaksi'!I:I, 'Detail Transaksi'!B:B, "2026-05") -> 3.5304416e+09 | C13: =SUMIFS('Detail Transaksi'!H:H, 'Detail Transaksi'!B:B, "2026-05") -> 3.5309369e+09 | D13: =B13-C13 -> -495317.89 | E13: =COUNTIFS('Detail Transaksi'!B:B, "2026-05") -> 27 | F13: =(B13+C13)/E13 -> 2.6153254e+08
A14: Juni 2026 | B14: =SUMIFS('Detail Transaksi'!I:I, 'Detail Transaksi'!B:B, "2026-06") -> 4.6777362e+09 | C14: =SUMIFS('Detail Transaksi'!H:H, 'Detail Transaksi'!B:B, "2026-06") -> 4.4137407e+09 | D14: =B14-C14 -> 2.6399549e+08 | E14: =COUNTIFS('Detail Transaksi'!B:B, "2026-06") -> 49 | F14: =(B14+C14)/E14 -> 1.8554034e+08
A15: Juli 2026 | B15: =SUMIFS('Detail Transaksi'!I:I, 'Detail Transaksi'!B:B, "2026-07") -> 3.6265942e+09 | C15: =SUMIFS('Detail Transaksi'!H:H, 'Detail Transaksi'!B:B, "2026-07") -> 2.9223351e+09 | D15: =B15-C15 -> 7.0425905e+08 | E15: =COUNTIFS('Detail Transaksi'!B:B, "2026-07") -> 23 | F15: =(B15+C15)/E15 -> 2.8473606e+08
A16: TOTAL ARUS KAS | B16: =SUM(B9:B15) -> 1.8510919e+10 | C16: =SUM(C9:C15) -> 1.7535711e+10 | D16: =B16-C16 -> 9.7520832e+08 | E16: =SUM(E9:E15) -> 214 | F16: =(B16+C16)/E16 -> 1.6844219e+08
A18: 2. REKAPITULASI KATEGORI TRANSAKSI
A19: No | B19: Kategori Transaksi | C19: Jenis Arus Kas | D19: Total Debet (Pengeluaran) | E19: Total Kredit (Penerimaan) | F19: Net Cash Impact | G19: Jumlah Transaksi | H19: % Dari Total Mutasi
A20: 1 | B20: Penerimaan Penjualan (PT Manambang Muara Enim) | C20: Uang Masuk | D20: =SUMIFS('Detail Transaksi'!H:H, 'Detail Transaksi'!E:E, B20) -> 0 | E20: =SUMIFS('Detail Transaksi'!I:I, 'Detail Transaksi'!E:E, B20) -> 16198216749 | F20: =E20-D20 -> 16198216749 | G20: =COUNTIFS('Detail Transaksi'!E:E, B20) -> 16 | H20: =(D20+E20)/('Ringkasan Eksekutif'!C5+'Ringkasan Eksekutif'!E5) -> 0.44936841
A21: 2 | B21: Penerimaan Penjualan (PT Bio Nusantara) | C21: Uang Masuk | D21: =SUMIFS('Detail Transaksi'!H:H, 'Detail Transaksi'!E:E, B21) -> 0 | E21: =SUMIFS('Detail Transaksi'!I:I, 'Detail Transaksi'!E:E, B21) -> 531320120 | F21: =E21-D21 -> 531320120 | G21: =COUNTIFS('Detail Transaksi'!E:E, B21) -> 2 | H21: =(D21+E21)/('Ringkasan Eksekutif'!C5+'Ringkasan Eksekutif'!E5) -> 0.0147398
A22: 3 | B22: Penerimaan Penjualan (PT Sri Karya Lintasindo) | C22: Uang Masuk | D22: =SUMIFS('Detail Transaksi'!H:H, 'Detail Transaksi'!E:E, B22) -> 0 | E22: =SUMIFS('Detail Transaksi'!I:I, 'Detail Transaksi'!E:E, B22) -> 270000000 | F22: =E22-D22 -> 270000000 | G22: =COUNTIFS('Detail Transaksi'!E:E, B22) -> 1 | H22: =(D22+E22)/('Ringkasan Eksekutif'!C5+'Ringkasan Eksekutif'!E5) -> 0.007490298
A23: 4 | B23: Penerimaan Penjualan / Refund (PT Noahtu Shipyard) | C23: Uang Masuk | D23: =SUMIFS('Detail Transaksi'!H:H, 'Detail Transaksi'!E:E, B23) -> 0 | E23: =SUMIFS('Detail Transaksi'!I:I, 'Detail Transaksi'!E:E, B23) -> 232363443 | F23: =E23-D23 -> 232363443 | G23: =COUNTIFS('Detail Transaksi'!E:E, B23) -> 1 | H23: =(D23+E23)/('Ringkasan Eksekutif'!C5+'Ringkasan Eksekutif'!E5) -> 0.0064461905
A24: 5 | B24: Penerimaan Penjualan (PT Dua Putra Perkasa Pratama) | C24: Uang Masuk | D24: =SUMIFS('Detail Transaksi'!H:H, 'Detail Transaksi'!E:E, B24) -> 0 | E24: =SUMIFS('Detail Transaksi'!I:I, 'Detail Transaksi'!E:E, B24) -> 222400000 | F24: =E24-D24 -> 222400000 | G24: =COUNTIFS('Detail Transaksi'!E:E, B24) -> 1 | H24: =(D24+E24)/('Ringkasan Eksekutif'!C5+'Ringkasan Eksekutif'!E5) -> 0.0061697862
A25: 6 | B25: Penerimaan Penjualan (PT AKR Corporindo) | C25: Uang Masuk | D25: =SUMIFS('Detail Transaksi'!H:H, 'Detail Transaksi'!E:E, B25) -> 0 | E25: =SUMIFS('Detail Transaksi'!I:I, 'Detail Transaksi'!E:E, B25) -> 82312000 | F25: =E25-D25 -> 82312000 | G25: =COUNTIFS('Detail Transaksi'!E:E, B25) -> 4 | H25: =(D25+E25)/('Ringkasan Eksekutif'!C5+'Ringkasan Eksekutif'!E5) -> 0.0022834867
A26: 7 | B26: Transfer Masuk Internal (Burhan) | C26: Uang Masuk | D26: =SUMIFS('Detail Transaksi'!H:H, 'Detail Transaksi'!E:E, B26) -> 0 | E26: =SUMIFS('Detail Transaksi'!I:I, 'Detail Transaksi'!E:E, B26) -> 280000000 | F26: =E26-D26 -> 280000000 | G26: =COUNTIFS('Detail Transaksi'!E:E, B26) -> 2 | H26: =(D26+E26)/('Ringkasan Eksekutif'!C5+'Ringkasan Eksekutif'!E5) -> 0.0077677165
A27: 8 | B27: Transfer Masuk Pihak Ketiga (Hilmawan Indra Waskita) | C27: Uang Masuk | D27: =SUMIFS('Detail Transaksi'!H:H, 'Detail Transaksi'!E:E, B27) -> 0 | E27: =SUMIFS('Detail Transaksi'!I:I, 'Detail Transaksi'!E:E, B27) -> 257996000 | F27: =E27-D27 -> 257996000 | G27: =COUNTIFS('Detail Transaksi'!E:E, B27) -> 2 | H27: =(D27+E27)/('Ringkasan Eksekutif'!C5+'Ringkasan Eksekutif'!E5) -> 0.0071572849
A28: 9 | B28: Transfer Masuk Pihak Ketiga (PRMA/ATM) | C28: Uang Masuk | D28: =SUMIFS('Detail Transaksi'!H:H, 'Detail Transaksi'!E:E, B28) -> 0 | E28: =SUMIFS('Detail Transaksi'!I:I, 'Detail Transaksi'!E:E, B28) -> 270930000 | F28: =E28-D28 -> 270930000 | G28: =COUNTIFS('Detail Transaksi'!E:E, B28) -> 6 | H28: =(D28+E28)/('Ringkasan Eksekutif'!C5+'Ringkasan Eksekutif'!E5) -> 0.007516098
A29: 10 | B29: Pendapatan Bunga Bank | C29: Uang Masuk | D29: =SUMIFS('Detail Transaksi'!H:H, 'Detail Transaksi'!E:E, B29) -> 0 | E29: =SUMIFS('Detail Transaksi'!I:I, 'Detail Transaksi'!E:E, B29) -> 356707.15 | F29: =E29-D29 -> 356707.15 | G29: =COUNTIFS('Detail Transaksi'!E:E, B29) -> 7 | H29: =(D29+E29)/('Ringkasan Eksekutif'!C5+'Ringkasan Eksekutif'!E5) -> 9.8957143e-06
A30: 11 | B30: Transfer Keluar Internal (Burhan) | C30: Uang Keluar | D30: =SUMIFS('Detail Transaksi'!H:H, 'Detail Transaksi'!E:E, B30) -> 7108220120 | E30: =SUMIFS('Detail Transaksi'!I:I, 'Detail Transaksi'!E:E, B30) -> 0 | F30: =E30-D30 -> -7108220120 | G30: =COUNTIFS('Detail Transaksi'!E:E, B30) -> 21 | H30: =(D30+E30)/('Ringkasan Eksekutif'!C5+'Ringkasan Eksekutif'!E5) -> 0.19719514
A31: 12 | B31: Penarikan Tunai Cek | C31: Uang Keluar | D31: =SUMIFS('Detail Transaksi'!H:H, 'Detail Transaksi'!E:E, B31) -> 4090000000 | E31: =SUMIFS('Detail Transaksi'!I:I, 'Detail Transaksi'!E:E, B31) -> 0 | F31: =E31-D31 -> -4090000000 | G31: =COUNTIFS('Detail Transaksi'!E:E, B31) -> 4 | H31: =(D31+E31)/('Ringkasan Eksekutif'!C5+'Ringkasan Eksekutif'!E5) -> 0.11346414
A32: 13 | B32: Pemindahbukuan Rekening Internal (HSB) | C32: Net (Masuk/Keluar) | D32: =SUMIFS('Detail Transaksi'!H:H, 'Detail Transaksi'!E:E, B32) -> 2809707039 | E32: =SUMIFS('Detail Transaksi'!I:I, 'Detail Transaksi'!E:E, B32) -> 165024000 | F32: =E32-D32 -> -2644683039 | G32: =COUNTIFS('Detail Transaksi'!E:E, B32) -> 30 | H32: =(D32+E32)/('Ringkasan Eksekutif'!C5+'Ringkasan Eksekutif'!E5) -> 0.082524526
A33: 14 | B33: Transfer Keluar (Wiji Indrayani) | C33: Uang Keluar | D33: =SUMIFS('Detail Transaksi'!H:H, 'Detail Transaksi'!E:E, B33) -> 2035100950 | E33: =SUMIFS('Detail Transaksi'!I:I, 'Detail Transaksi'!E:E, B33) -> 0 | F33: =E33-D33 -> -2035100950 | G33: =COUNTIFS('Detail Transaksi'!E:E, B33) -> 28 | H33: =(D33+E33)/('Ringkasan Eksekutif'!C5+'Ringkasan Eksekutif'!E5) -> 0.056457454
A34: 15 | B34: Pembayaran Pembelian (PT AKR Corporindo) | C34: Uang Keluar | D34: =SUMIFS('Detail Transaksi'!H:H, 'Detail Transaksi'!E:E, B34) -> 875558000 | E34: =SUMIFS('Detail Transaksi'!I:I, 'Detail Transaksi'!E:E, B34) -> 0 | F34: =E34-D34 -> -875558000 | G34: =COUNTIFS('Detail Transaksi'!E:E, B34) -> 6 | H34: =(D34+E34)/('Ringkasan Eksekutif'!C5+'Ringkasan Eksekutif'!E5) -> 0.024289594
A35: 16 | B35: Pembayaran Angsuran Pinjaman (Auto Coll) | C35: Uang Keluar | D35: =SUMIFS('Detail Transaksi'!H:H, 'Detail Transaksi'!E:E, B35) -> 615779500 | E35: =SUMIFS('Detail Transaksi'!I:I, 'Detail Transaksi'!E:E, B35) -> 0 | F35: =E35-D35 -> -615779500 | G35: =COUNTIFS('Detail Transaksi'!E:E, B35) -> 35 | H35: =(D35+E35)/('Ringkasan Eksekutif'!C5+'Ringkasan Eksekutif'!E5) -> 0.017082859
A36: 17 | B36: Pembayaran Vendor (PT Lautan Berlian) | C36: Uang Keluar | D36: =SUMIFS('Detail Transaksi'!H:H, 'Detail Transaksi'!E:E, B36) -> 746253 | E36: =SUMIFS('Detail Transaksi'!I:I, 'Detail Transaksi'!E:E, B36) -> 0 | F36: =E36-D36 -> -746253 | G36: =COUNTIFS('Detail Transaksi'!E:E, B36) -> 1 | H36: =(D36+E36)/('Ringkasan Eksekutif'!C5+'Ringkasan Eksekutif'!E5) -> 2.0702435e-05
A37: 18 | B37: Biaya Administrasi Bank & Buku Cek | C37: Uang Keluar | D37: =SUMIFS('Detail Transaksi'!H:H, 'Detail Transaksi'!E:E, B37) -> 450000 | E37: =SUMIFS('Detail Transaksi'!I:I, 'Detail Transaksi'!E:E, B37) -> 0 | F37: =E37-D37 -> -450000 | G37: =COUNTIFS('Detail Transaksi'!E:E, B37) -> 9 | H37: =(D37+E37)/('Ringkasan Eksekutif'!C5+'Ringkasan Eksekutif'!E5) -> 1.248383e-05
A38: 19 | B38: Biaya Admin Transfer | C38: Uang Keluar | D38: =SUMIFS('Detail Transaksi'!H:H, 'Detail Transaksi'!E:E, B38) -> 77500 | E38: =SUMIFS('Detail Transaksi'!I:I, 'Detail Transaksi'!E:E, B38) -> 0 | F38: =E38-D38 -> -77500 | G38: =COUNTIFS('Detail Transaksi'!E:E, B38) -> 31 | H38: =(D38+E38)/('Ringkasan Eksekutif'!C5+'Ringkasan Eksekutif'!E5) -> 2.149993e-06
A39: 20 | B39: Pajak Bunga Tabungan | C39: Uang Keluar | D39: =SUMIFS('Detail Transaksi'!H:H, 'Detail Transaksi'!E:E, B39) -> 71341.44 | E39: =SUMIFS('Detail Transaksi'!I:I, 'Detail Transaksi'!E:E, B39) -> 0 | F39: =E39-D39 -> -71341.44 | G39: =COUNTIFS('Detail Transaksi'!E:E, B39) -> 7 | H39: =(D39+E39)/('Ringkasan Eksekutif'!C5+'Ringkasan Eksekutif'!E5) -> 1.9791431e-06
B40: TOTAL KATEGORI | C40: - | D40: =SUM(D20:D39) -> 1.7535711e+10 | E40: =SUM(E20:E39) -> 1.8510919e+10 | F40: =E40-D40 -> 9.7520832e+08 | G40: =SUM(G20:G39) -> 214 | H40: =SUM(H20:H39) -> 1

Sheet Detail Transaksi
A1: DETAIL MUTASI TRANSAKSI REKENING KORAN MANDIRI
A2: No. Rekening: 1140016063946 | Total Transaksi: 214 Items
A4: No | B4: Periode | C4: Tanggal Mutasi | D4: No. Rekening | E4: Kategori | F4: Deskripsi 1 | G4: Deskripsi 2 / Remark | H4: Mutasi Debet (Rp) | I4: Mutasi Kredit (Rp) | J4: Kode Tran | K4: No. Referensi
A5: 1 | B5: 2026-01 | C5: 12/01/26 | D5: 1140016063946 | E5: Penerimaan Penjualan (PT AKR Corporindo) | F5: "" | G5: "PT AKR CORPORINDO - 013 " | H5: 0 | I5: 27438000 | J5: 4777 | K5: -
A6: 2 | B6: 2026-01 | C6: 12/01/26 | D6: 1140016063946 | E6: Pembayaran Angsuran Pinjaman (Auto Coll) | F6: "15154500 15" | G6: "Auto Coll: 5282400641. Ang Ke 15 " | H6: 15154500 | I6: 0 | J6: 8102 | K6: -
A7: 3 | B7: 2026-01 | C7: 13/01/26 | D7: 1140016063946 | E7: Penerimaan Penjualan (PT Manambang Muara Enim) | F7: "MCM InhouseTrf DARI MANAMBANG MUARA ENIM Transfer Fee | G7: "002/HSB-KEU/I/2026 " | H7: 0 | I7: 1130848000 | J7: 7820 | K7: -
A8: 4 | B8: 2026-01 | C8: 13/01/26 | D8: 1140016063946 | E8: Pembayaran Angsuran Pinjaman (Auto Coll) | F8: "21252500 18" | G8: "Auto Coll: 5752400277. Ang Ke 18 " | H8: 21252500 | I8: 0 | J8: 8102 | K8: -
A9: 5 | B9: 2026-01 | C9: 13/01/26 | D9: 1140016063946 | E9: Pembayaran Angsuran Pinjaman (Auto Coll) | F9: "21252500 18" | G9: "Auto Coll: 5752400278. Ang Ke 18 " | H9: 21252500 | I9: 0 | J9: 8102 | K9: -
A10: 6 | B10: 2026-01 | C10: 13/01/26 | D10: 1140016063946 | E10: Pembayaran Angsuran Pinjaman (Auto Coll) | F10: "15154500 15" | G10: "Auto Coll: 5282400640. Ang Ke 15 " | H10: 15154500 | I10: 0 | J10: 8102 | K10: -
A11: 7 | B11: 2026-01 | C11: 13/01/26 | D11: 1140016063946 | E11: Pembayaran Angsuran Pinjaman (Auto Coll) | F11: "15154500 15" | G11: "Auto Coll: 5282400639. Ang Ke 15 " | H11: 15154500 | I11: 0 | J11: 8102 | K11: -
A12: 8 | B12: 2026-01 | C12: 14/01/26 | D12: 1140016063946 | E12: Pemindahbukuan Rekening Internal (HSB) | F12: "CENAIDJA/HIJAU SEJAHTERA BERSAMA 20260114BMRIIDJA010O9930 | G12: "202601141013977207 " | H12: 27000000 | I12: 0 | J12: 8060 | K12: -
A13: 9 | B13: 2026-01 | C13: 14/01/26 | D13: 1140016063946 | E13: Biaya Admin Transfer | F13: "" | G13: "20260114BMRIIDJA010O9930971764 " | H13: 2500 | I13: 0 | J13: 8060 | K13: -
A14: 10 | B14: 2026-01 | C14: 14/01/26 | D14: 1140016063946 | E14: Pemindahbukuan Rekening Internal (HSB) | F14: "BNINIDJA/HIJAU SEJAHTERA BERSAMA 20260114BMRIIDJA010O9930 | G14: "202601141011974313 " | H14: 23000000 | I14: 0 | J14: 8060 | K14: -
A15: 11 | B15: 2026-01 | C15: 14/01/26 | D15: 1140016063946 | E15: Biaya Admin Transfer | F15: "" | G15: "20260114BMRIIDJA010O9930971769 " | H15: 2500 | I15: 0 | J15: 8060 | K15: -
A16: 12 | B16: 2026-01 | C16: 14/01/26 | D16: 1140016063946 | E16: Transfer Keluar (Wiji Indrayani) | F16: "BNINIDJA/WIJI INDRAYANI 20260114BMRIIDJA010O9930971777" | G16: "202601141016985916 " | H16: 20500000 | I16: 0 | J16: 8060 | K16: -
... A218: 214 | B218: 2026-07 | C218: 31/07/26 | D218: 1140016063946 | E218: Pajak Bunga Tabungan | F218: "Pajak " | G218: "" | H218: 15572.81 | I218: 0 | J218: 198 | K218: -
B219: TOTAL | C219: - | D219: - | E219: - | F219: - | G219: - | H219: =SUM(H5:H218) -> 1.7535711e+10 | I219: =SUM(I5:I218) -> 1.8510919e+10 | J219: - | K219: -

Sheet Rekap Bulanan
A1: REKAPITULASI DETAIL PER BULAN
A2: Breakdown Mutasi & Transaksi Terbesar Per Bulan (Januari - Juli 2026)
A4: Bulan | B4: Total Uang Masuk | C4: Total Uang Keluar | D4: Net Cash Flow | E4: Jml Tran | F4: Transaksi Masuk Terbesar | G4: Nominal (Rp) | H4: Transaksi Keluar Terbesar | I4: Nominal (Rp)
A5: Januari 2026 | B5: =SUMIFS('Detail Transaksi'!I:I, 'Detail Transaksi'!B:B, "2026-01") -> 1.1768462e+09 | C5: =SUMIFS('Detail Transaksi'!H:H, 'Detail Transaksi'!B:B, "2026-01") -> 1.1762845e+09 | D5: =B5-C5 -> 561640.73 | E5: 24 | F5: "MCM InhouseTrf DARI MANAMBANG MUARA ENIM Tr | G5: 1130848000 | H5: "Tarik Tunai 00129846 " "CK 129846-JA 129846 | I5: 990000000
A6: Februari 2026 | B6: =SUMIFS('Detail Transaksi'!I:I, 'Detail Transaksi'!B:B, "2026-02") -> 1.1382007e+08 | C6: =SUMIFS('Detail Transaksi'!H:H, 'Detail Transaksi'!B:B, "2026-02") -> 1.1099641e+08 | D6: =B6-C6 -> 2823656.2 | E6: 15 | F6: "BRINIDJA/PT HIJAU SEJAHTERA B 01300100225630 | G6: 100000000 | H6: "21252500 19" "Auto Coll: 5752400277. Ang Ke | I6: 21252500
A7: Maret 2026 | B7: =SUMIFS('Detail Transaksi'!I:I, 'Detail Transaksi'!B:B, "2026-03") -> 2.0950734e+09 | C7: =SUMIFS('Detail Transaksi'!H:H, 'Detail Transaksi'!B:B, "2026-03") -> 2.0502136e+09 | D7: =B7-C7 -> 44859792 | E7: 38 | F7: "MCM InhouseTrf DARI MANAMBANG MUARA ENIM Tr | G7: 1144120000 | H7: "MCM InhouseTrf KE BURHAN Transfer Fee | I7: 532000000
A8: April 2026 | B8: =SUMIFS('Detail Transaksi'!I:I, 'Detail Transaksi'!B:B, "2026-04") -> 3.2904074e+09 | C8: =SUMIFS('Detail Transaksi'!H:H, 'Detail Transaksi'!B:B, "2026-04") -> 3.3312034e+09 | D8: =B8-C8 -> -40795995 | E8: 38 | F8: "MCM InhouseTrf DARI MANAMBANG MUARA ENIM Tr | G8: 1510427200 | H8: "Tarik Tunai 00129848 " "CK 129848-JA 129848 | I8: 1000000000
A9: Mei 2026 | B9: =SUMIFS('Detail Transaksi'!I:I, 'Detail Transaksi'!B:B, "2026-05") -> 3.5304416e+09 | C9: =SUMIFS('Detail Transaksi'!H:H, 'Detail Transaksi'!B:B, "2026-05") -> 3.5309369e+09 | D9: =B9-C9 -> -495317.89 | E9: 27 | F9: "MCM InhouseTrf DARI MANAMBANG MUARA ENIM Tr | G9: 1514788000 | H9: "Tarik Tunai 00129847 " "CK 129847-BURHAN | I9: 1000000000
A10: Juni 2026 | B10: =SUMIFS('Detail Transaksi'!I:I, 'Detail Transaksi'!B:B, "2026-06") -> 4.6777362e+09 | C10: =SUMIFS('Detail Transaksi'!H:H, 'Detail Transaksi'!B:B, "2026-06") -> 4.4137407e+09 | D10: =B10-C10 -> 2.6399549e+08 | E10: 49 | F10: "MCM InhouseTrf DARI MANAMBANG MUARA ENIM Tr | G10: 1486348000 | H10: "MCM InhouseTrf KE BURHAN Transfer Fee | I10: 1000000000
A11: Juli 2026 | B11: =SUMIFS('Detail Transaksi'!I:I, 'Detail Transaksi'!B:B, "2026-07") -> 3.6265942e+09 | C11: =SUMIFS('Detail Transaksi'!H:H, 'Detail Transaksi'!B:B, "2026-07") -> 2.9223351e+09 | D11: =B11-C11 -> 7.0425905e+08 | E11: 23 | F11: "MCM InhouseTrf DARI MANAMBANG MUARA ENIM Tr | G11: 1184000154 | H11: "Tarik Tunai 00129850 " "CK 129850- | I11: 1100000000

Sheet Penerimaan Penjualan
A1: DETAIL PENERIMAAN PENJUALAN & CLIENT TRANSFERS
A2: No. Rekening: 1140016063946 | Periode: Januari - Juli 2026 | Rekapitulasi Pembayaran Pelanggan Utam
A4: TOTAL PENERIMAAN PENJUALAN | C4: JUMLAH TRANSAKSI | E4: TRANSAKSI TERBESAR | G4: RATA-RATA PER TRANSAKSI
A5: =SUM(H8:H32) -> 17536612312 | C5: 25 | E5: =MAX(H8:H32) -> 1514788000 | G5: =AVERAGE(H8:H32) -> 7.0146449e+08
A7: No | B7: Periode | C7: Tanggal Mutasi | D7: No. Rekening | E7: Pelanggan / Kategori | F7: Deskripsi 1 | G7: Deskripsi 2 / Remark | H7: Nominal Kredit / Masuk (Rp) | I7: Kode Tran | J7: No. Referensi
A8: 1 | B8: 2026-01 | C8: 12/01/26 | D8: 1140016063946 | E8: Penerimaan Penjualan (PT AKR Corporindo) | F8: "" | G8: "PT AKR CORPORINDO - 013 " | H8: 27438000 | I8: 4777 | J8: -
A9: 2 | B9: 2026-01 | C9: 13/01/26 | D9: 1140016063946 | E9: Penerimaan Penjualan (PT Manambang Muara Enim) | F9: "MCM InhouseTrf DARI MANAMBANG MUARA ENIM Transfer Fee | G9: "002/HSB-KEU/I/2026 " | H9: 1130848000 | I9: 7820 | J9: -
A10: 3 | B10: 2026-01 | C10: 27/01/26 | D10: 1140016063946 | E10: Penerimaan Penjualan (PT Manambang Muara Enim) | F10: "MCM InhouseTrf DARI MANAMBANG MUARA ENIM Transfer Fee" | G10: "003/HSB-KEU/I/2026 - " | H10: 18530000 | I10: 7820 | J10: -
A11: 4 | B11: 2026-02 | C11: 09/02/26 | D11: 1140016063946 | E11: Penerimaan Penjualan (PT AKR Corporindo) | F11: "" | G11: "PT AKR CORPORINDO - 013 " | H11: 13718000 | I11: 4777 | J11: -
A12: 5 | B12: 2026-03 | C12: 02/03/26 | D12: 1140016063946 | E12: Penerimaan Penjualan (PT AKR Corporindo) | F12: "" | G12: "PT AKR CORPORINDO - 013 " | H12: 34298000 | I12: 4777 | J12: -
A13: 6 | B13: 2026-03 | C13: 06/03/26 | D13: 1140016063946 | E13: Penerimaan Penjualan (PT Manambang Muara Enim) | F13: "MCM InhouseTrf DARI MANAMBANG MUARA ENIM Transfer Fee | G13: "037/HSB-KEU/III/2026 " | H13: 1144120000 | I13: 7820 | J13: -
A14: 7 | B14: 2026-03 | C14: 09/03/26 | D14: 1140016063946 | E14: Penerimaan Penjualan (PT AKR Corporindo) | F14: "" | G14: "PT AKR CORPORINDO - 013 " | H14: 6858000 | I14: 4777 | J14: -
A15: 8 | B15: 2026-03 | C15: 26/03/26 | D15: 1140016063946 | E15: Penerimaan Penjualan (PT Manambang Muara Enim) | F15: "MCM InhouseTrf DARI MANAMBANG MUARA ENIM Transfer Fee | G15: "045/HSB-KEU/III/2026 " | H15: 867774880 | I15: 7820 | J15: -
A16: 9 | B16: 2026-04 | C16: 07/04/26 | D16: 1140016063946 | E16: Penerimaan Penjualan (PT Manambang Muara Enim) | F16: "MCM InhouseTrf DARI MANAMBANG MUARA ENIM Transfer Fee | G16: "048/HSB-KEU/IV/2026 " | H16: 1510427200 | I16: 7820 | J16: -
A17: 10 | B17: 2026-04 | C17: 07/04/26 | D17: 1140016063946 | E17: Penerimaan Penjualan (PT Manambang Muara Enim) | F17: "MCM InhouseTrf DARI MANAMBANG MUARA ENIM Transfer Fee" | G17: "043.044/HSB-KEU/III/ " | H17: 37060000 | I17: 7820 | J17: -
A18: 11 | B18: 2026-04 | C18: 17/04/26 | D18: 1140016063946 | E18: Penerimaan Penjualan (PT Manambang Muara Enim) | F18: "MCM InhouseTrf DARI MANAMBANG MUARA ENIM Transfer Fee" | G18: "049/HSB-KEU/IV/2026 " | H18: 1510427200 | I18: 7820 | J18: -
A19: 12 | B19: 2026-04 | C19: 29/04/26 | D19: 1140016063946 | E19: Penerimaan Penjualan / Refund (PT Noahtu Shipyard) | F19: "- PT NOAHTU SHIPYARD" | G19: "RTGS " | H19: 232363443 | I19: 4895 | J19: -
... A32: 25 | B32: 2026-07 | C32: 28/07/26 | D32: 1140016063946 | E32: Penerimaan Penjualan (PT Manambang Muara Enim) | F32: "" | G32: "PT.MANAMBANG MUARA ENIM - 022 " | H32: 888000115 | I32: 4777 | J32: -
B33: TOTAL PENERIMAAN | C33: - | D33: - | E33: - | F33: - | G33: - | H33: =SUM(H8:H32) -> 17536612312 | I33: - | J33: -
